<?xml version="1.0" encoding="UTF-8"?>
<metadata xml:lang="zh"><Esri><CreaDate>20170510</CreaDate><CreaTime>15515400</CreaTime><ArcGISFormat>1.0</ArcGISFormat><SyncOnce>TRUE</SyncOnce><DataProperties><lineage><Process ToolSource="c:\program files (x86)\arcgis\desktop10.3\ArcToolbox\Toolboxes\Data Management Tools.tbx\CalculateField" Date="20151008" Time="131308">CalculateField 地籍資訊\台糖分號圖 事務所 "PF" VB #</Process><Process ToolSource="c:\program files (x86)\arcgis\desktop10.3\ArcToolbox\Toolboxes\Data Management Tools.tbx\AddIndex" Date="20151201" Time="173333">AddIndex "Database Connections\sde@sde@gis.sde\sde.SDE.Sugarland\sde.SDE.Sugarclass" 農場名稱 Sugarclass_inx_farm NON_UNIQUE NON_ASCENDING</Process><Process ToolSource="c:\program files (x86)\arcgis\desktop10.3\ArcToolbox\Toolboxes\Data Management Tools.tbx\AddIndex" Date="20151201" Time="173420">AddIndex "Database Connections\sde@sde@gis.sde\sde.SDE.Sugarland\sde.SDE.Sugarclass" 用途大類 Sugarclass_inx_usagekind NON_UNIQUE NON_ASCENDING</Process><Process ToolSource="c:\program files (x86)\arcgis\desktop10.3\ArcToolbox\Toolboxes\Data Management Tools.tbx\Copy" Date="20160113" Time="190005">Copy D:\台糖備份\CONNECT\GIS.sde\sde.SDE.Sugarland\sde.SDE.Sugarclass D:\台糖備份\歷史資料\Sugarland20160113.gdb\Sugarland\Sugarclass FeatureClass</Process><Process Name="Add Field" ToolSource="c:\program files (x86)\arcgis\desktop10.3\ArcToolbox\Toolboxes\Data Management Tools.tbx\AddField" Date="20160113" Time="190123">AddField D:\台糖備份\歷史資料\Sugarland20160113.gdb\Sugarland\Sugarclass jon TEXT # # # # NULLABLE NON_REQUIRED #</Process><Process Name="Calculate Field (2)" ToolSource="c:\program files (x86)\arcgis\desktop10.3\ArcToolbox\Toolboxes\Data Management Tools.tbx\CalculateField" Date="20160113" Time="190135">CalculateField D:\台糖備份\歷史資料\Sugarland20160113.gdb\Sugarland\Sugarclass jon "[縣市] &amp; [鄉鎮] &amp; [段號] &amp; [母號] &amp; [子號] &amp; [分號]" VB #</Process><Process ToolSource="c:\program files (x86)\arcgis\desktop10.3\ArcToolbox\Toolboxes\Data Management Tools.tbx\AddIndex" Date="20160113" Time="195413">AddIndex D:\台糖備份\歷史資料\Sugarland20160113.gdb\Sugarland\Sugarclass 縣市名稱 縣市名稱 NON_UNIQUE NON_ASCENDING</Process><Process ToolSource="c:\program files (x86)\arcgis\desktop10.3\ArcToolbox\Toolboxes\Data Management Tools.tbx\AddIndex" Date="20160113" Time="195415">AddIndex D:\台糖備份\歷史資料\Sugarland20160113.gdb\Sugarland\Sugarclass 鄉鎮名稱 鄉鎮名稱 NON_UNIQUE NON_ASCENDING</Process><Process ToolSource="c:\program files (x86)\arcgis\desktop10.3\ArcToolbox\Toolboxes\Data Management Tools.tbx\AddIndex" Date="20160113" Time="195418">AddIndex D:\台糖備份\歷史資料\Sugarland20160113.gdb\Sugarland\Sugarclass 段號名稱 段號名稱 NON_UNIQUE NON_ASCENDING</Process><Process ToolSource="c:\program files (x86)\arcgis\desktop10.3\ArcToolbox\Toolboxes\Data Management Tools.tbx\AddIndex" Date="20160113" Time="195420">AddIndex D:\台糖備份\歷史資料\Sugarland20160113.gdb\Sugarland\Sugarclass 小段名稱 小段名稱 NON_UNIQUE NON_ASCENDING</Process><Process ToolSource="c:\program files (x86)\arcgis\desktop10.3\ArcToolbox\Toolboxes\Data Management Tools.tbx\AddIndex" Date="20160113" Time="195422">AddIndex D:\台糖備份\歷史資料\Sugarland20160113.gdb\Sugarland\Sugarclass 母號 母號 NON_UNIQUE NON_ASCENDING</Process><Process ToolSource="c:\program files (x86)\arcgis\desktop10.3\ArcToolbox\Toolboxes\Data Management Tools.tbx\AddIndex" Date="20160113" Time="195425">AddIndex D:\台糖備份\歷史資料\Sugarland20160113.gdb\Sugarland\Sugarclass 子號 子號 NON_UNIQUE NON_ASCENDING</Process><Process ToolSource="c:\program files (x86)\arcgis\desktop10.3\ArcToolbox\Toolboxes\Data Management Tools.tbx\AddIndex" Date="20160113" Time="195428">AddIndex D:\台糖備份\歷史資料\Sugarland20160113.gdb\Sugarland\Sugarclass 分號 分號 NON_UNIQUE NON_ASCENDING</Process><Process ToolSource="c:\program files (x86)\arcgis\desktop10.3\ArcToolbox\Toolboxes\Data Management Tools.tbx\CalculateField" Date="20160127" Time="093009">CalculateField sde.SDE.Sugarclass 分號 000 VB #</Process><Process ToolSource="c:\program files (x86)\arcgis\desktop10.3\ArcToolbox\Toolboxes\Data Management Tools.tbx\CalculateField" Date="20160127" Time="093040">CalculateField sde.SDE.Sugarclass 分號 "000" VB #</Process><Process ToolSource="c:\program files (x86)\arcgis\desktop10.3\ArcToolbox\Toolboxes\Data Management Tools.tbx\CalculateField" Date="20160127" Time="093435">CalculateField sde.SDE.Sugarclass 分號 "000" VB #</Process><Process ToolSource="c:\program files (x86)\arcgis\desktop10.3\ArcToolbox\Toolboxes\Data Management Tools.tbx\CalculateField" Date="20160127" Time="094422">CalculateField sde.SDE.Sugarclass 分號 "000" VB #</Process><Process ToolSource="c:\program files (x86)\arcgis\desktop10.3\ArcToolbox\Toolboxes\Data Management Tools.tbx\CalculateField" Date="20160127" Time="104504">CalculateField sde.SDE.Sugarclass 分號 "000" VB #</Process><Process ToolSource="c:\program files (x86)\arcgis\desktop10.3\ArcToolbox\Toolboxes\Data Management Tools.tbx\CalculateField" Date="20160127" Time="104651">CalculateField sde.SDE.Sugarclass 分號 "001" VB #</Process><Process ToolSource="c:\program files (x86)\arcgis\desktop10.3\ArcToolbox\Toolboxes\Data Management Tools.tbx\CalculateField" Date="20160127" Time="104905">CalculateField sde.SDE.Sugarclass 分號 "000" VB #</Process><Process ToolSource="c:\program files (x86)\arcgis\desktop10.3\ArcToolbox\Toolboxes\Data Management Tools.tbx\CalculateField" Date="20160127" Time="105008">CalculateField sde.SDE.Sugarclass 分號 "000" VB #</Process><Process ToolSource="c:\program files (x86)\arcgis\desktop10.3\ArcToolbox\Toolboxes\Data Management Tools.tbx\DeleteFeatures" Date="20160414" Time="120754">DeleteFeatures "Database Connections\sde@sde@gis.sde\sde.SDE.Sugarland\sde.SDE.Sugarclass"</Process><Process ToolSource="c:\program files (x86)\arcgis\desktop10.3\ArcToolbox\Toolboxes\Data Management Tools.tbx\DeleteFeatures" Date="20160414" Time="130047">DeleteFeatures "Database Connections\sde@sde@gis.sde\sde.SDE.Sugarland\sde.SDE.Sugarclass"</Process><Process ToolSource="c:\program files (x86)\arcgis\desktop10.3\ArcToolbox\Toolboxes\Data Management Tools.tbx\DeleteFeatures" Date="20160414" Time="131314">DeleteFeatures "Database Connections\sde@sde@gis.sde\sde.SDE.Sugarland\sde.SDE.Sugarclass"</Process><Process ToolSource="c:\program files (x86)\arcgis\desktop10.3\ArcToolbox\Toolboxes\Data Management Tools.tbx\DeleteRows" Date="20160414" Time="133053">DeleteRows sde.SDE.Sugarclass</Process><Process ToolSource="c:\program files\arcgis\desktop10.3\ArcToolbox\Toolboxes\Data Management Tools.tbx\DeleteFeatures" Date="20160722" Time="162500">DeleteFeatures sde.SDE.Sugarclass</Process><Process ToolSource="c:\program files\arcgis\desktop10.3\ArcToolbox\Toolboxes\Data Management Tools.tbx\CalculateField" Date="20160920" Time="105200">CalculateField 台糖地籍\台糖分號圖 用途大類 4 VB #</Process><Process ToolSource="c:\program files (x86)\arcgis\desktop10.3\ArcToolbox\Toolboxes\Data Management Tools.tbx\DeleteFeatures" Date="20161013" Time="164202">DeleteFeatures 台糖地籍(屬性參考)\台糖分號圖(線上)</Process><Process ToolSource="c:\program files (x86)\arcgis\desktop10.3\ArcToolbox\Toolboxes\Data Management Tools.tbx\DeleteFeatures" Date="20161020" Time="153324">DeleteFeatures 線上\台糖分號圖(線上)</Process><Process ToolSource="c:\program files (x86)\arcgis\desktop10.3\ArcToolbox\Toolboxes\Data Management Tools.tbx\DeleteFeatures" Date="20161116" Time="102452">DeleteFeatures 台糖地籍(屬性參考)\台糖分號圖(線上)</Process><Process ToolSource="c:\program files (x86)\arcgis\desktop10.3\ArcToolbox\Toolboxes\Data Management Tools.tbx\DeleteFeatures" Date="20161208" Time="094421">DeleteFeatures 台糖地籍(屬性參考)\台糖分號圖(線上)</Process><Process ToolSource="c:\program files (x86)\arcgis\desktop10.3\ArcToolbox\Toolboxes\Data Management Tools.tbx\DeleteFeatures" Date="20170109" Time="180136">DeleteFeatures 台糖地籍(屬性參考)\台糖分號圖(線上)</Process><Process ToolSource="c:\program files (x86)\arcgis\desktop10.3\ArcToolbox\Toolboxes\Data Management Tools.tbx\DeleteFeatures" Date="20170112" Time="141308">DeleteFeatures 台糖地籍(屬性參考)\台糖分號圖(線上)</Process><Process ToolSource="c:\program files (x86)\arcgis\desktop10.3\ArcToolbox\Toolboxes\Data Management Tools.tbx\DeleteFeatures" Date="20170112" Time="155251">DeleteFeatures 台糖地籍\台糖分號圖(線上)</Process><Process ToolSource="c:\program files (x86)\arcgis\desktop10.3\ArcToolbox\Toolboxes\Data Management Tools.tbx\DeleteFeatures" Date="20170119" Time="134648">DeleteFeatures 台糖地籍\台糖分號圖(線上)</Process><Process ToolSource="c:\program files (x86)\arcgis\desktop10.3\ArcToolbox\Toolboxes\Data Management Tools.tbx\DeleteFeatures" Date="20170119" Time="134857">DeleteFeatures 台糖地籍\台糖分號圖(線上)</Process><Process ToolSource="c:\program files (x86)\arcgis\desktop10.3\ArcToolbox\Toolboxes\Data Management Tools.tbx\DeleteFeatures" Date="20170126" Time="171948">DeleteFeatures 台糖地籍\台糖分號圖(線上)</Process><Process ToolSource="c:\program files (x86)\arcgis\desktop10.3\ArcToolbox\Toolboxes\Data Management Tools.tbx\DeleteFeatures" Date="20170202" Time="132117">DeleteFeatures 台糖地籍\台糖分號圖(線上)</Process><Process ToolSource="c:\program files (x86)\arcgis\desktop10.3\ArcToolbox\Toolboxes\Data Management Tools.tbx\DeleteFeatures" Date="20170202" Time="152758">DeleteFeatures 台糖地籍\台糖分號圖(線上)</Process><Process ToolSource="c:\program files (x86)\arcgis\desktop10.3\ArcToolbox\Toolboxes\Data Management Tools.tbx\DeleteFeatures" Date="20170202" Time="154235">DeleteFeatures 台糖地籍\台糖分號圖(線上)</Process><Process ToolSource="c:\program files (x86)\arcgis\desktop10.3\ArcToolbox\Toolboxes\Data Management Tools.tbx\DeleteFeatures" Date="20170202" Time="154305">DeleteFeatures 台糖地籍\台糖分號圖(線上)</Process><Process ToolSource="c:\program files (x86)\arcgis\desktop10.3\ArcToolbox\Toolboxes\Data Management Tools.tbx\DeleteFeatures" Date="20170202" Time="155715">DeleteFeatures 台糖地籍\台糖分號圖(線上)</Process><Process ToolSource="c:\program files (x86)\arcgis\desktop10.3\ArcToolbox\Toolboxes\Data Management Tools.tbx\DeleteFeatures" Date="20170202" Time="155858">DeleteFeatures 台糖地籍\台糖分號圖(線上)</Process><Process ToolSource="c:\program files (x86)\arcgis\desktop10.3\ArcToolbox\Toolboxes\Data Management Tools.tbx\DeleteFeatures" Date="20170203" Time="133307">DeleteFeatures 台糖地籍\台糖分號圖(線上)</Process><Process ToolSource="c:\program files (x86)\arcgis\desktop10.3\ArcToolbox\Toolboxes\Data Management Tools.tbx\DeleteFeatures" Date="20170203" Time="133542">DeleteFeatures 台糖地籍\台糖分號圖(線上)</Process><Process ToolSource="c:\program files (x86)\arcgis\desktop10.3\ArcToolbox\Toolboxes\Data Management Tools.tbx\DeleteFeatures" Date="20170203" Time="140420">DeleteFeatures 台糖地籍\台糖分號圖(線上)</Process><Process ToolSource="c:\program files (x86)\arcgis\desktop10.3\ArcToolbox\Toolboxes\Data Management Tools.tbx\DeleteFeatures" Date="20170203" Time="171614">DeleteFeatures 台糖地籍\台糖分號圖(線上)</Process><Process ToolSource="c:\program files (x86)\arcgis\desktop10.3\ArcToolbox\Toolboxes\Data Management Tools.tbx\DeleteFeatures" Date="20170206" Time="165717">DeleteFeatures 台糖地籍\台糖分號圖(線上)</Process><Process ToolSource="c:\program files (x86)\arcgis\desktop10.3\ArcToolbox\Toolboxes\Data Management Tools.tbx\DeleteFeatures" Date="20170207" Time="112309">DeleteFeatures 台糖地籍\台糖分號圖(線上)</Process><Process ToolSource="c:\program files (x86)\arcgis\desktop10.3\ArcToolbox\Toolboxes\Data Management Tools.tbx\DeleteFeatures" Date="20170207" Time="154757">DeleteFeatures 台糖地籍\台糖分號圖(線上)</Process><Process ToolSource="c:\program files (x86)\arcgis\desktop10.3\ArcToolbox\Toolboxes\Data Management Tools.tbx\DeleteFeatures" Date="20170209" Time="095955">DeleteFeatures 台糖地籍\台糖分號圖(線上)</Process><Process ToolSource="c:\program files (x86)\arcgis\desktop10.3\ArcToolbox\Toolboxes\Data Management Tools.tbx\DeleteFeatures" Date="20170213" Time="100953">DeleteFeatures 台糖地籍\台糖分號圖(線上)</Process><Process ToolSource="c:\program files (x86)\arcgis\desktop10.3\ArcToolbox\Toolboxes\Data Management Tools.tbx\DeleteFeatures" Date="20170213" Time="183347">DeleteFeatures 台糖地籍\台糖分號圖(線上)</Process><Process ToolSource="c:\program files (x86)\arcgis\desktop10.3\ArcToolbox\Toolboxes\Data Management Tools.tbx\DeleteFeatures" Date="20170214" Time="150552">DeleteFeatures 台糖地籍\台糖分號圖(線上)</Process><Process ToolSource="c:\program files (x86)\arcgis\desktop10.3\ArcToolbox\Toolboxes\Data Management Tools.tbx\DeleteFeatures" Date="20170214" Time="152049">DeleteFeatures 台糖地籍\台糖分號圖(線上)</Process><Process ToolSource="c:\program files (x86)\arcgis\desktop10.3\ArcToolbox\Toolboxes\Data Management Tools.tbx\DeleteFeatures" Date="20170214" Time="152213">DeleteFeatures 台糖地籍\台糖分號圖(線上)</Process><Process ToolSource="c:\program files (x86)\arcgis\desktop10.3\ArcToolbox\Toolboxes\Data Management Tools.tbx\DeleteFeatures" Date="20170214" Time="152319">DeleteFeatures 台糖地籍\台糖分號圖(線上)</Process><Process ToolSource="c:\program files (x86)\arcgis\desktop10.3\ArcToolbox\Toolboxes\Data Management Tools.tbx\DeleteFeatures" Date="20170214" Time="152617">DeleteFeatures 台糖地籍\台糖分號圖(線上)</Process><Process ToolSource="c:\program files (x86)\arcgis\desktop10.3\ArcToolbox\Toolboxes\Data Management Tools.tbx\DeleteFeatures" Date="20170215" Time="091148">DeleteFeatures 台糖地籍\台糖分號圖(線上)</Process><Process ToolSource="c:\program files (x86)\arcgis\desktop10.3\ArcToolbox\Toolboxes\Data Management Tools.tbx\DeleteFeatures" Date="20170222" Time="141001">DeleteFeatures 台糖地籍\台糖分號圖(線上)</Process><Process ToolSource="c:\program files (x86)\arcgis\desktop10.3\ArcToolbox\Toolboxes\Data Management Tools.tbx\DeleteFeatures" Date="20170222" Time="145615">DeleteFeatures 台糖地籍\台糖分號圖(線上)</Process><Process ToolSource="c:\program files (x86)\arcgis\desktop10.3\ArcToolbox\Toolboxes\Data Management Tools.tbx\CalculateField" Date="20170322" Time="175719">CalculateField sde.SDE.Sugarclass 母號 "0001" VB #</Process><Process ToolSource="c:\program files (x86)\arcgis\desktop10.3\ArcToolbox\Toolboxes\Data Management Tools.tbx\CalculateField" Date="20170322" Time="175811">CalculateField sde.SDE.Sugarclass 母號 "0787" VB #</Process><Process ToolSource="c:\program files (x86)\arcgis\desktop10.3\ArcToolbox\Toolboxes\Data Management Tools.tbx\CalculateField" Date="20170322" Time="180046">CalculateField sde.SDE.Sugarclass 子號 "0008" VB #</Process><Process ToolSource="c:\program files (x86)\arcgis\desktop10.3\ArcToolbox\Toolboxes\Data Management Tools.tbx\DeleteFeatures" Date="20170327" Time="143801">DeleteFeatures 台糖地籍\台糖分號圖(線上)</Process><Process ToolSource="c:\program files (x86)\arcgis\desktop10.3\ArcToolbox\Toolboxes\Data Management Tools.tbx\DeleteFeatures" Date="20170412" Time="110724">DeleteFeatures 台糖地籍\台糖分號圖(線上)</Process><Process ToolSource="c:\program files (x86)\arcgis\desktop10.3\ArcToolbox\Toolboxes\Data Management Tools.tbx\DeleteFeatures" Date="20170412" Time="111138">DeleteFeatures 台糖地籍\台糖分號圖(線上)</Process><Process ToolSource="c:\program files (x86)\arcgis\desktop10.3\ArcToolbox\Toolboxes\Data Management Tools.tbx\DeleteFeatures" Date="20170413" Time="100413">DeleteFeatures 台糖地籍\台糖分號圖(線上)</Process><Process ToolSource="c:\program files (x86)\arcgis\desktop10.3\ArcToolbox\Toolboxes\Data Management Tools.tbx\DeleteFeatures" Date="20170413" Time="100630">DeleteFeatures 台糖地籍\台糖分號圖(線上)</Process><Process ToolSource="c:\program files (x86)\arcgis\desktop10.3\ArcToolbox\Toolboxes\Data Management Tools.tbx\DeleteFeatures" Date="20170413" Time="144612">DeleteFeatures 台糖地籍\台糖分號圖(線上)</Process><Process ToolSource="c:\program files (x86)\arcgis\desktop10.3\ArcToolbox\Toolboxes\Data Management Tools.tbx\DeleteFeatures" Date="20170418" Time="084951">DeleteFeatures 台糖地籍\台糖分號圖(線上)</Process><Process ToolSource="c:\program files (x86)\arcgis\desktop10.3\ArcToolbox\Toolboxes\Data Management Tools.tbx\DeleteFeatures" Date="20170418" Time="085233">DeleteFeatures 台糖地籍\台糖分號圖(線上)</Process><Process ToolSource="c:\program files (x86)\arcgis\desktop10.3\ArcToolbox\Toolboxes\Data Management Tools.tbx\DeleteFeatures" Date="20170418" Time="085434">DeleteFeatures 台糖地籍\台糖分號圖(線上)</Process><Process ToolSource="c:\program files (x86)\arcgis\desktop10.3\ArcToolbox\Toolboxes\Data Management Tools.tbx\DeleteFeatures" Date="20170419" Time="173031">DeleteFeatures 台糖地籍\台糖分號圖(線上)</Process><Process ToolSource="c:\program files\arcgis\desktop10.3\ArcToolbox\Toolboxes\Data Management Tools.tbx\CalculateField" Date="20170421" Time="103327">CalculateField 台糖地籍(屬性參考)\台糖分號圖(線上) 段號 "0908" VB #</Process><Process ToolSource="c:\program files\arcgis\desktop10.3\ArcToolbox\Toolboxes\Data Management Tools.tbx\DeleteFeatures" Date="20170421" Time="104416">DeleteFeatures 台糖地籍(屬性參考)\台糖分號圖(線上)</Process><Process ToolSource="c:\program files\arcgis\desktop10.3\ArcToolbox\Toolboxes\Data Management Tools.tbx\DeleteFeatures" Date="20170421" Time="104455">DeleteFeatures 台糖地籍(屬性參考)\台糖分號圖(線上)</Process><Process ToolSource="c:\program files\arcgis\desktop10.3\ArcToolbox\Toolboxes\Data Management Tools.tbx\CalculateField" Date="20170421" Time="143109">CalculateField 台糖地籍\台糖分號圖(線上) 分號 "001" VB #</Process><Process ToolSource="c:\program files (x86)\arcgis\desktop10.3\ArcToolbox\Toolboxes\Data Management Tools.tbx\DeleteFeatures" Date="20170502" Time="092908">DeleteFeatures 台糖地籍\台糖分號圖(線上)</Process><Process ToolSource="c:\program files (x86)\arcgis\desktop10.3\ArcToolbox\Toolboxes\Data Management Tools.tbx\DeleteFeatures" Date="20170502" Time="093102">DeleteFeatures 台糖地籍\台糖分號圖(線上)</Process><Process ToolSource="c:\program files (x86)\arcgis\desktop10.3\ArcToolbox\Toolboxes\Data Management Tools.tbx\DeleteFeatures" Date="20170502" Time="094345">DeleteFeatures 台糖地籍\台糖分號圖(線上)</Process><Process ToolSource="c:\program files (x86)\arcgis\desktop10.3\ArcToolbox\Toolboxes\Data Management Tools.tbx\DeleteFeatures" Date="20170502" Time="095852">DeleteFeatures 台糖地籍\台糖分號圖(線上)</Process><Process ToolSource="c:\program files (x86)\arcgis\desktop10.3\ArcToolbox\Toolboxes\Data Management Tools.tbx\DeleteFeatures" Date="20170502" Time="131147">DeleteFeatures 台糖地籍\台糖分號圖(線上)</Process><Process ToolSource="c:\program files (x86)\arcgis\desktop10.3\ArcToolbox\Toolboxes\Data Management Tools.tbx\DeleteFeatures" Date="20170502" Time="134837">DeleteFeatures 台糖地籍\台糖分號圖(線上)</Process><Process ToolSource="c:\program files (x86)\arcgis\desktop10.3\ArcToolbox\Toolboxes\Data Management Tools.tbx\DeleteFeatures" Date="20170502" Time="134956">DeleteFeatures 台糖地籍\台糖分號圖(線上)</Process><Process ToolSource="c:\program files (x86)\arcgis\desktop10.3\ArcToolbox\Toolboxes\Data Management Tools.tbx\DeleteFeatures" Date="20170502" Time="135054">DeleteFeatures 台糖地籍\台糖分號圖(線上)</Process><Process ToolSource="c:\program files (x86)\arcgis\desktop10.3\ArcToolbox\Toolboxes\Data Management Tools.tbx\DeleteFeatures" Date="20170502" Time="160928">DeleteFeatures 台糖地籍\台糖分號圖(線上)</Process><Process ToolSource="c:\program files (x86)\arcgis\desktop10.3\ArcToolbox\Toolboxes\Data Management Tools.tbx\DeleteFeatures" Date="20170502" Time="161205">DeleteFeatures 台糖地籍\台糖分號圖(線上)</Process><Process ToolSource="c:\program files (x86)\arcgis\desktop10.3\ArcToolbox\Toolboxes\Data Management Tools.tbx\DeleteFeatures" Date="20170502" Time="161527">DeleteFeatures 台糖地籍\台糖分號圖(線上)</Process><Process ToolSource="c:\program files (x86)\arcgis\desktop10.3\ArcToolbox\Toolboxes\Data Management Tools.tbx\DeleteFeatures" Date="20170505" Time="164728">DeleteFeatures 台糖地籍\台糖分號圖(線上)</Process></lineage><itemProps><itemLocation><linkage Sync="TRUE">Server=.; Service=sde:sqlserver:.; Database=sde; User=sde; Version=sde.DEFAULT</linkage><protocol Sync="TRUE">ArcSDE Connection</protocol></itemLocation></itemProps></DataProperties></Esri></metadata>
